<?xml version="1.0" encoding="utf-8"?>
<extension method="upgrade" type="component" version="3.2.0">
	<name>COM_DIGISELLER</name>
	<version>0.2.0</version>
	<creationDate>October 2015</creationDate>
	<author>Digiseller Team</author>
	<authorEmail>support@digiseller.ru</authorEmail>
	<authorUrl>http://digiseller.ru</authorUrl>
	<copyright>Copyright (C) 2015 Digiseller - All rights reserved.</copyright>
	<license>GNU/GPLv2 http://www.gnu.org/licenses/gpl-2.0.html</license>
	<description>COM_DIGISELLER_DESCRIPTION</description>
	<files folder="site">
		<filename>index.html</filename>
		<filename>digiseller.php</filename>
		<filename>controller.php</filename>
		<folder>views</folder>
		<folder>models</folder>
	</files>
	<administration>		
		<menu link='/index.php?option=com_digiseller'>COM_DIGISELLER_MENU</menu>
		<files folder="admin">
			<filename>index.html</filename>
			<filename>config.xml</filename>
			<filename>digiseller.php</filename>
		</files>
		<languages folder="admin/language">
			<language tag="en-GB">en-GB/en-GB.com_digiseller.ini</language>
			<language tag="en-GB">en-GB/en-GB.com_digiseller.sys.ini</language>
			<language tag="ru-RU">ru-RU/ru-RU.com_digiseller.ini</language>
			<language tag="ru-RU">ru-RU/ru-RU.com_digiseller.sys.ini</language>
		</languages>
	</administration>
</extension>